{"schemaVersion":"1.0","appDefinitionTemplate":{"id":"/providers/Microsoft.PowerApps/apps/","type":"Microsoft.PowerApps/apps","tags":{"primaryDeviceWidth":"640","primaryDeviceHeight":"1136","supportsPortrait":"true","supportsLandscape":"true","primaryFormFactor":"Phone","showStatusBar":"false","publisherVersion":"3.24034.17","minimumRequiredApiVersion":"2.2.0","hasComponent":"true","hasUnlockedComponent":"true","isUnifiedRootApp":"false","offlineLargeFilesSupport":"false","sienaVersion":"20240410T134843Z-3.24034.17.0"},"properties":{"appVersion":"2024-04-10T13:48:43Z","lifeCycleId":"Published","createdByClientVersion":{"major":3,"minor":24034,"build":17,"revision":0,"majorRevision":0,"minorRevision":0},"minClientVersion":{"major":3,"minor":24034,"build":17,"revision":0,"majorRevision":0,"minorRevision":0},"backgroundColor":"RGBA(54,176,75,1)","backgroundImageUri":"/1828147184771037514/Ndaef7453-76e7-4d82-8bed-43b6a8c92fc2-logoSmallFile","displayName":"App_GymTrend_Mobile","description":"","commitMessage":"","appUris":{"documentUri":{"value":"/1828147184771037514/N40fea0d6-014f-4c58-8120-0fc2a76435ff-document.msapp"},"imageUris":[],"additionalUris":[{"isSolutionAware":false,"value":"/1828147184771037514/Nc06fdb30-d779-41a3-826c-cdd3c66cfc95-identity.json"}]},"createdTime":"0001-01-01T00:00:00Z","lastModifiedTime":"0001-01-01T00:00:00Z","sharedGroupsCount":0,"sharedUsersCount":0,"connectionReferences":{},"databaseReferences":{"default.cds":{"databaseDetails":{"referenceType":"Environmental","environmentName":"default.cds","overrideValues":{"status":"NotSpecified","environmentVariableName":""}},"dataSources":{"UsersInfo":{"entitySetName":"crfe1_usersinfos","logicalName":"crfe1_usersinfo","isHidden":false},"Gym Maintenance Log":{"entitySetName":"crfe1_gymmaintenancelogs","logicalName":"crfe1_gymmaintenancelog","isHidden":false},"Manutencaos":{"entitySetName":"crfe1_manutencaos","logicalName":"crfe1_manutencao","isHidden":false},"ItemsRegisters":{"entitySetName":"crfe1_itemsregisters","logicalName":"crfe1_itemsregister","isHidden":false}},"actions":["providers/PowerPlatform.Governance/Operations/Read","providers/PowerPlatform.Governance/Operations/Write"]}},"almMode":"Environment","performanceOptimizationEnabled":true,"canConsumeAppPass":true,"enableModernRuntimeMode":false,"executionRestrictions":{"isTeamsOnly":false,"dataLossPreventionEvaluationResult":{"status":"Compliant","lastEvaluationDate":"2024-03-14T13:44:27.6692617Z","violations":[],"violationsByPolicy":[],"violationErrorMessage":"The app uses the following connectors: shared_commondataservice."}}},"appType":"ClassicCanvasApp","appComponents":[]}}